case_id,title,date,status,amount,detail,link,link_detail
A5131,大三男罹血癌　單親母嘆夫已癌逝「老天殘忍」,2021/05/07,未結案,18365,明細,https://tw.appledaily.com/headline/20210507/VRXKZCX76BDTNK7YYWHPMUDQXM/,https://tw.feature.appledaily.com/charity/projdetail/A5131
A5130,婦咬牙作工兼顧癌夫　「為小孩苦往肚裡吞」,2021/05/06,未結案,122899,明細,https://tw.appledaily.com/headline/20210506/UHMO2CREXZH4JBNO6PZIPM4YPQ/,https://tw.feature.appledaily.com/charity/projdetail/A5130
A5129,粗工翁腦出血中風倒　「為3歲女努力再站起」,2021/05/05,未結案,201968,明細,https://tw.appledaily.com/headline/20210505/NEFEGENQE5BTBFFBARTOJSBZGU/,https://tw.feature.appledaily.com/charity/projdetail/A5129
A5128,勇婦抗癌忍治療苦　「全為爭取時間陪2子」,2021/05/04,未結案,282653,明細,https://tw.appledaily.com/headline/20210504/REJ7KLNAVNFFBJ2UHW2DSEUM2A/,https://tw.feature.appledaily.com/charity/projdetail/A5128
A5127,父口腔癌末　國三女拼會考當護理師顧爸爸,2021/05/03,未結案,498089,明細,https://tw.appledaily.com/headline/20210503/TCO63Y6L5BHRHCZU6WBZZ7BV24/,https://tw.feature.appledaily.com/charity/projdetail/A5127
A5126,癌男憂失去平凡幸福　夜半背對妻子偷拭淚,2021/04/29,未結案,654573,明細,https://tw.appledaily.com/headline/20210429/DUJNB3L2H5C6XOYUJF5L7A626M/,https://tw.feature.appledaily.com/charity/projdetail/A5126
A5125,38歲男腦幹中風癱　妻喚「好爸爸我們不會放棄你」,2021/04/28,未結案,784644,明細,https://tw.appledaily.com/headline/20210428/AKWMMMRGL5APPF6ASKPFZIYQNM/,https://tw.feature.appledaily.com/charity/projdetail/A5125
A5124,夫癌末子未成年　婦揮汗綁鐵扛重擔,2021/04/27,未結案,809855,明細,https://tw.appledaily.com/headline/20210427/5HBVJDCUONHT7AWAL2ZQIK3TUU/,https://tw.feature.appledaily.com/charity/projdetail/A5124
A5123,廚師癌轉移切腎換肩　難再持鍋鏟憂4口,2021/04/26,未結案,731524,明細,https://tw.appledaily.com/headline/20210426/VIT3FOGRNVCLFKZYTRMCYINVVM/,https://tw.feature.appledaily.com/charity/projdetail/A5123
A5122,42歲粗工壯男驚癌末　「5個孩子怎麼辦」,2021/04/23,未結案,1003135,明細,https://tw.appledaily.com/headline/20210423/MHJCDP3ACVBXPCGVXRNVY3NW5I/,https://tw.feature.appledaily.com/charity/projdetail/A5122
A5121,男肺癌轉腦失聰　憂「沒時間能陪兒女了」,2021/04/22,未結案,901540,明細,https://tw.appledaily.com/headline/20210422/ECXSBEGDRRBETCMSFFD75W42IU/,https://tw.feature.appledaily.com/charity/projdetail/A5121
A5120,大三女工讀扛顧單親中風父　「爸只有我了」,2021/04/21,未結案,1125468,明細,https://tw.appledaily.com/headline/20210421/CGKKHGA5B5DAVD33WZPC2JA4B4/,https://tw.feature.appledaily.com/charity/projdetail/A5120
A5119,夫妻離鄉來台生根　未料癌魔重擊「家怎麼辦」,2021/04/20,未結案,698849,明細,https://tw.appledaily.com/headline/20210420/7GJDKUT64ZEXNOUH2VOSYYCFIE/,https://tw.feature.appledaily.com/charity/projdetail/A5119
A5118,寡母撐顧重傷單親兒　為4孫自勉「要加油」,2021/04/19,未結案,1114086,明細,https://tw.appledaily.com/headline/20210419/6ELUVDRPZJGM7AOXOBYSNLIAYA/,https://tw.feature.appledaily.com/charity/projdetail/A5118
A5117,腦傷子罹癌　七旬父撐病體做清潔零工撿回收,2021/04/16,未結案,1297162,明細,https://tw.appledaily.com/headline/20210416/MMUY2BEHSBFHRCGWCFMLXGIAHA/,https://tw.feature.appledaily.com/charity/projdetail/A5117
A5116,扛家夫突休克癱瘓　妻喚快甦醒「家能完整」,2021/04/15,未結案,971122,明細,https://tw.appledaily.com/headline/20210415/EGFAATQEQVE4HOYXURNNQ6N4MQ/,https://tw.feature.appledaily.com/charity/projdetail/A5116
A5115,婦顧癌夫小六子　堅強撐做手工難養家,2021/04/14,未結案,973111,明細,https://tw.appledaily.com/headline/20210414/2ZBAKNCNEBAH5IHKEKIRXJBU3E/,https://tw.feature.appledaily.com/charity/projdetail/A5115
A5114,單親爸育子顧癱兄　未料中風復健難上工,2021/04/13,未結案,1132097,明細,https://tw.appledaily.com/headline/20210413/MXYD3EWWXFEB7NUM7SZKHA74NA/,https://tw.feature.appledaily.com/charity/projdetail/A5114
A5113,男脊傷又發現罹癌　撐家妻「不怕苦只要他好好活」,2021/04/12,未結案,964883,明細,https://tw.appledaily.com/headline/20210412/KRKKLI3QIRACZMPAKUVDQMJJHE/,https://tw.feature.appledaily.com/charity/projdetail/A5113
A5112,妻癌逝男努力兼工養老小　未料車禍腦傷家垮,2021/04/09,未結案,1265782,明細,https://tw.appledaily.com/headline/20210409/SSTEJBIL6NHR3A26VOBNRSGWQI/,https://tw.feature.appledaily.com/charity/projdetail/A5112
A5111,扛家兄中風癱　重度乾癬弟嘆難撐3口,2021/04/08,已結案,1055576,明細,https://tw.appledaily.com/headline/20210408/TEWO6JOYMNHAXK5OFN63YYNFQY/,https://tw.feature.appledaily.com/charity/projdetail/A5111
A5110,單親媽相依憨女雙雙倒下　「會努力熬下去」,2021/04/07,已結案,1434262,明細,https://tw.appledaily.com/headline/20210407/VZ47CPOLZBC2VBEXBX4EELRQ3U/,https://tw.feature.appledaily.com/charity/projdetail/A5110
A5109,29歲女臉變圓竟罹頜下腺癌　「不捨單親爸」,2021/04/06,已結案,1975376,明細,https://tw.appledaily.com/headline/20210406/PPM4EPPXMRFCZOQMNBTE75NEJI/,https://tw.feature.appledaily.com/charity/projdetail/A5109
A5108,小二童助中風父復健　「不怕累只要爸爸快好」,2021/04/01,已結案,1644955,明細,https://tw.appledaily.com/headline/20210401/PF4CBP63SVD4FM6G2MDXWW45J4/,https://tw.feature.appledaily.com/charity/projdetail/A5108
A5107,單親媽驚罹癌　懂事小六女慰「我會陪妳」,2021/03/31,已結案,1915453,明細,https://tw.appledaily.com/headline/20210331/FM3T3MB2EFCSPP4UXPNLQYF5VY/,https://tw.feature.appledaily.com/charity/projdetail/A5107
A5106,老母忍行走不適陪癌兒就醫　「孩子就是孩子」,2021/03/30,已結案,1129332,明細,https://tw.appledaily.com/headline/20210330/MF6N7LKFBJDUDOFFRN7R7VM4T4/,https://tw.feature.appledaily.com/charity/projdetail/A5106
A5105,務農夫妻雙雙病倒　大三養女休學一肩扛,2021/03/29,已結案,2085874,明細,https://tw.appledaily.com/headline/20210329/Z5LPIZ24YNDNDNUTOIZCCQW32Y/,https://tw.feature.appledaily.com/charity/projdetail/A5105
A5104,單親癌父憾長女已逝　憂病況「能陪次女多久」,2021/03/26,已結案,1211972,明細,https://tw.appledaily.com/headline/20210326/IRCFJSVIX5HODJECM2LBVG4D2Y/,https://tw.feature.appledaily.com/charity/projdetail/A5104
A5103,撐家新住民婦罹癌　謝鬱夫照料「不悔來台」,2021/03/25,已結案,1056869,明細,https://tw.appledaily.com/headline/20210325/DFVC4RHXGZF3LM4JKGT2VXVIZQ/,https://tw.feature.appledaily.com/charity/projdetail/A5103
A5102,單親母勇抗癌　「不能讓7歲兒沒了媽」,2021/03/24,已結案,1558994,明細,https://tw.appledaily.com/headline/20210324/RAPHILBQRNHZFKOLAK3EU554PE/,https://tw.feature.appledaily.com/charity/projdetail/A5102
A5101,男憂妻中風癱2兒幼　「平安是唯一祈求」,2021/03/22,已結案,1718274,明細,https://tw.appledaily.com/headline/20210322/32MGAP7RURAAHMEAWAEIYA7P6Q/,https://tw.feature.appledaily.com/charity/projdetail/A5101
A5100,單親精障母罹癌　國二子憂成孤單一人,2021/03/19,已結案,1615285,明細,https://tw.appledaily.com/headline/20210319/SMPD4RUFXRBCLM2K6PCCYNWURI/,https://tw.feature.appledaily.com/charity/projdetail/A5100
A5099,男癌病復發謝妻不離棄　憂心成為負擔,2021/03/18,已結案,1052068,明細,https://tw.appledaily.com/headline/20210318/UPJ264JPQZACBDUQROLEDQR6JI/,https://tw.feature.appledaily.com/charity/projdetail/A5099
A5098,病夫突癱　認命婦做工扛家「只怕苦了孩子」,2021/03/17,已結案,1165435,明細,https://tw.appledaily.com/headline/20210317/GRBIKMCRHRF6NG2SQ6MRCFIGOE/,https://tw.feature.appledaily.com/charity/projdetail/A5098
A5097,男為家計延遲就醫　「見家人憂傷比罹癌更苦」,2021/03/15,已結案,1035973,明細,https://tw.appledaily.com/headline/20210315/DPYMUQQUP5G45ITHO3C6PEIDXI/,https://tw.feature.appledaily.com/charity/projdetail/A5097
A5096,小六女相依癌父　居陋屋「雖窮但我們很好」,2021/03/12,已結案,1653813,明細,https://tw.appledaily.com/headline/20210312/ZR43YWKFCBA5FCU4I6VRHSL2HQ/,https://tw.feature.appledaily.com/charity/projdetail/A5096
A5095,壯年癌男憂妻難撐家　「任務未完很心酸」,2021/03/11,已結案,946790,明細,https://tw.appledaily.com/headline/20210311/QSYGLHQ5VJG4NJUNAVRTZSE6EI/,https://tw.feature.appledaily.com/charity/projdetail/A5095
A5094,癌翁病嬤傷心單親子逝　「求老天讓我養大孫」,2021/03/10,已結案,1359286,明細,https://tw.appledaily.com/headline/20210310/2FQ4ZHGQJBFORMXKHIHZI7RPTU/,https://tw.feature.appledaily.com/charity/projdetail/A5094
A5093,扛家男癌細胞侵噬脊椎　憂4口家垮,2021/03/08,已結案,1180898,明細,https://tw.appledaily.com/headline/20210308/4VXEA5GKMBHZ5JWVGIODBEGKLU/,https://tw.feature.appledaily.com/charity/projdetail/A5093
A5092,女腦瘤術後中風　夫育2幼子未料脊傷倒,2021/03/05,已結案,1515987,明細,https://tw.appledaily.com/headline/20210305/YWROXAZZ4VD4VCAQXX3S5JMKFM/,https://tw.feature.appledaily.com/charity/projdetail/A5092
A5091,罹癌單親父心疼子棄學撐家　「我只剩兒子」,2021/03/04,已結案,1168939,明細,https://tw.appledaily.com/headline/20210304/N7UGS7H745BOHGIFIFAGBL4TCU/,https://tw.feature.appledaily.com/charity/projdetail/A5091
A5090,離婚夫妻先後罹癌中風　為兒女互相再扶持,2021/03/03,已結案,1010911,明細,https://tw.appledaily.com/headline/20210303/IOEGULN7U5BNLICD23J5XXM2X4/,https://tw.feature.appledaily.com/charity/projdetail/A5090
A5089,重症肌無力男苦顧精障母  「只剩我能扛」,2021/03/02,已結案,1403507,明細,https://tw.appledaily.com/headline/20210302/G55XINYDCRHFJOHW6HDPA6EMLY/,https://tw.feature.appledaily.com/charity/projdetail/A5089
A5088,護專兒顧單親癌父　無奈爸爸是第一個病人,2021/02/26,已結案,1001377,明細,https://tw.appledaily.com/headline/20210226/G7NWGTYDF5CIXOX74243KHVJRA/,https://tw.feature.appledaily.com/charity/projdetail/A5088
A5087,癌男內疚妻撐4口病弱　「沒有她我無法到現在」,2021/02/25,已結案,1153992,明細,https://tw.appledaily.com/headline/20210225/ACBYKJ2DVRGKDGR7CCLPT6JQGM/,https://tw.feature.appledaily.com/charity/projdetail/A5087
A5085,不菸壯男乾咳驚罹肺腺癌末　「只想好好陪幼女」,2021/02/23,已結案,973368,明細,https://tw.appledaily.com/headline/20210223/H4LMIYMA6ZBKPHLWF7L234ER3I/,https://tw.feature.appledaily.com/charity/projdetail/A5085
A5084,單親爸苦養3兒　高三子撞傷從軍撐家夢碎,2021/02/22,已結案,1279502,明細,https://tw.appledaily.com/headline/20210222/NFI6TXQVANFHZN7AMUE5ENUFIM/,https://tw.feature.appledaily.com/charity/projdetail/A5084
A5083,癌男憂6口老病幼　撐家妻打氣「會守護家」,2021/02/19,已結案,1337339,明細,https://tw.appledaily.com/headline/20210219/FZ7EQF5R6JAVFJ4CBBOOIEEKDA/,https://tw.feature.appledaily.com/charity/projdetail/A5083
A5082,男顧中風妻盼復健成功　「國三女不中輟」,2021/02/18,已結案,1039903,明細,https://tw.appledaily.com/headline/20210218/NOSA234Z7FFVVKJATHABZSR334/,https://tw.feature.appledaily.com/charity/projdetail/A5082
A5081,「不怕治療痛苦」　癌男求生就怕病妻弱子失依,2021/02/17,已結案,1097170,明細,https://tw.appledaily.com/headline/20210217/75LZZZCD6JH5FPE4X2DO2GBQ4Y/,https://tw.feature.appledaily.com/charity/projdetail/A5081
A5080,癌男拼撐家復發　曾罹癌鬱妻咬牙「換我扛」,2021/02/09,已結案,1338466,明細,https://tw.appledaily.com/headline/20210209/JQL4T2ORRFG4HCF73L3IVHMI2A/,https://tw.feature.appledaily.com/charity/projdetail/A5080
A5079,夫重病待換心　妻扛顧再打2份工勇撐5口,2021/02/08,已結案,1279868,明細,https://tw.appledaily.com/headline/20210208/D4UNF3XVEJBFZCSBFXJPOQTEPY/,https://tw.feature.appledaily.com/charity/projdetail/A5079
A5078,婦為4子女勇抗癌　盼牛年健康與家人團聚,2021/02/05,已結案,1306624,明細,https://tw.appledaily.com/headline/20210205/MOKL2XOY6NFLJAQWE3PWKR5IIY/,https://tw.feature.appledaily.com/charity/projdetail/A5078
A5077,單親爸病重憂離世　「放不下相依高一女」,2021/02/04,已結案,1243893,明細,https://tw.appledaily.com/headline/20210204/3HDRNV6PGVBOJJT5J4BVY6N7IU/,https://tw.feature.appledaily.com/charity/projdetail/A5077
A5076,婦撐顧中風夫3子女　堅強做代工過年關,2021/02/03,已結案,1303678,明細,https://tw.appledaily.com/headline/20210203/NKQSVPM74NBMVBHTVGPGPI54FA/,https://tw.feature.appledaily.com/charity/projdetail/A5076
A5075,單親爸驚罹癌「內心哭泣」　為3子女盼治療順利,2021/02/02,已結案,1177423,明細,https://tw.appledaily.com/headline/20210202/AV357XDSDFBBNAE5OLOA5VAOEM/,https://tw.feature.appledaily.com/charity/projdetail/A5075
A5073,顧家男罹癌愁擁2幼子　「為他們要撐下去」,2021/01/29,已結案,1290241,明細,https://tw.appledaily.com/headline/20210129/JQ6GOPLHUFDORCCBLI5RB5Z6IE/,https://tw.feature.appledaily.com/charity/projdetail/A5073
A5072,男顧3子女病妻　不捨「她為家庭付出很多」,2021/01/28,已結案,1361238,明細,https://tw.appledaily.com/headline/20210128/ZLUHR3LO45FPZBI3PO22LCAACY/,https://tw.feature.appledaily.com/charity/projdetail/A5072
A5071,父病重母罹癌　國二獨子「讀教建班快助家計」,2021/01/27,已結案,1416022,明細,https://tw.appledaily.com/headline/20210127/QLQE5GSUDRDTHGYRBJDVDIPEKE/,https://tw.feature.appledaily.com/charity/projdetail/A5071
A5070,母癱父難工作　子女齊心撐住家「應該承擔的」,2021/01/26,已結案,970806,明細,https://tw.appledaily.com/headline/20210126/AOSANF3F5VA4VGCYEG2RB55DXI/,https://tw.feature.appledaily.com/charity/projdetail/A5070
A5069,嬤為3孫4度抗癌　「想多活照顧他們」,2021/01/25,已結案,1294683,明細,https://tw.appledaily.com/headline/20210125/5KXBX5MVMRA2NLVKZIBXXGPT6Q/,https://tw.feature.appledaily.com/charity/projdetail/A5069
A5068,母停工顧肝病中風父　高一子休學撐5口,2021/01/22,已結案,1201814,明細,https://tw.appledaily.com/headline/20210122/KFZHXQSSUVBF5PDME7OPHPRO2U/,https://tw.feature.appledaily.com/charity/projdetail/A5068
A5067,撐家女關節炎病變倒下　憂拖累雙親「快好起」,2021/01/21,已結案,953730,明細,https://tw.appledaily.com/headline/20210121/J6BEN2ZNBRDW7MIEBQDUXUNXAQ/,https://tw.feature.appledaily.com/charity/projdetail/A5067
A5066,壯碩父罹癌孱弱　高一女盼「爸不要離開我們」,2021/01/20,已結案,927666,明細,https://tw.appledaily.com/headline/20210120/C7TNX5B5RBDSZL6AUUURJAT4OQ/,https://tw.feature.appledaily.com/charity/projdetail/A5066
A5065,男中風痛哭　連累高一女休學更憂4歲子,2021/01/18,已結案,1254422,明細,https://tw.appledaily.com/headline/20210118/PP2WTE74EBEINGXVG2WTZS5OGE/,https://tw.feature.appledaily.com/charity/projdetail/A5065
A5064,父癌末　高二子盼明年考上警專扛家計,2021/01/15,已結案,883905,明細,https://tw.appledaily.com/headline/20210115/YCWKHC2YXVF3FGKUFRZVZQJK64/,https://tw.feature.appledaily.com/charity/projdetail/A5064
A5063,癌男憂5歲子沒有爸爸　「愁苦如千斤重」,2021/01/14,已結案,1015532,明細,https://tw.appledaily.com/headline/20210114/VHAH5LWW6JBNXGY3HSBU3WI2G4/,https://tw.feature.appledaily.com/charity/projdetail/A5063
A5062,老鞋匠驚腮腺癌轉胰臟　憂子女還未成年,2021/01/13,已結案,1017608,明細,https://tw.appledaily.com/headline/20210113/2TLWS2U46ZASFKALOOFF67VVDE/,https://tw.feature.appledaily.com/charity/projdetail/A5062
A5061,大四女休學顧中風養父　「他是我最重要的人」,2021/01/12,已結案,1402970,明細,https://tw.appledaily.com/headline/20210112/K2EURJPPH5F4FGE3S2FTL6N7MY/,https://tw.feature.appledaily.com/charity/projdetail/A5061
A5060,單親爸抱病做工瘦57公斤　「家真的沒辦法」,2021/01/11,已結案,1230505,明細,https://tw.appledaily.com/headline/20210111/DASJY6GKBJDFHDOH4DR27RVLOE/,https://tw.feature.appledaily.com/charity/projdetail/A5060
A5059,天真3幼女不知癌父病重　好爸爸「心很酸」,2021/01/08,已結案,1468790,明細,https://tw.appledaily.com/headline/20210108/QLSL46DWAJDMBIFWMFCXWBRBOA/,https://tw.feature.appledaily.com/charity/projdetail/A5059
A5058,悲情嬤養大孫未料撞癱　「再繼續顧3歲曾孫」,2021/01/07,已結案,1348058,明細,https://tw.appledaily.com/headline/20210107/D76EK7HHGVBD7EUECI7C4LNOIY/,https://tw.feature.appledaily.com/charity/projdetail/A5058
A5057,男罹癌後愁4口家計陷憂鬱　妻嘆「家變樣了」,2021/01/06,已結案,1049514,明細,https://tw.appledaily.com/headline/20210106/EW2WSMPKSVF45NGTPREBI77ABE/,https://tw.feature.appledaily.com/charity/projdetail/A5057
A5056,單親癌爸相依糖尿病兒　「盼子自立才能放心」,2021/01/05,已結案,1155713,明細,https://tw.appledaily.com/headline/20210105/WLWX6SWPX5FF3KSH25NZCZNJYQ/,https://tw.feature.appledaily.com/charity/projdetail/A5056
A5055,重病單親母為兒女努力呼吸　「我很愛我孩子」,2021/01/04,已結案,1349745,明細,https://tw.appledaily.com/headline/20210104/L2NRSJW6NBBERPLLOFSUZXEHN4/,https://tw.feature.appledaily.com/charity/projdetail/A5055
A5054,單親廚師爸罹舌癌　「拖累孩子很對不起」,2020/12/31,已結案,1079219,明細,https://tw.appledaily.com/headline/20201231/QTZ6HITBIZDSJJC3WYTGEVUMIQ/,https://tw.feature.appledaily.com/charity/projdetail/A5054
A5053,22歲單親媽力抗淋巴癌　「幼女是最大精神支柱」,2020/12/30,已結案,1546338,明細,https://tw.appledaily.com/headline/20201230/DNK5XU454RDLFBZUOZ7JE3LPVU/,https://tw.feature.appledaily.com/charity/projdetail/A5053
A5052,壯年男突罹癌　心酸泛淚盼過關「陪子成長」,2020/12/29,已結案,1145504,明細,https://tw.appledaily.com/headline/20201229/GZUWZHACXRHQNLLO5P5VRLV2TI/,https://tw.feature.appledaily.com/charity/projdetail/A5052
A5051,扛家單親爸癌末　「面臨生死放不下3子女」,2020/12/28,已結案,1714112,明細,https://tw.appledaily.com/headline/20201228/GJWNVFOJTJCJPMLYRRPAF3XGWI/,https://tw.feature.appledaily.com/charity/projdetail/A5051
A5050,子憨女幼　男二度中風哭喊 「爸爸拖累你們」,2020/12/25,已結案,1228079,明細,https://tw.appledaily.com/headline/20201225/GR4KVEUJENBYXGFJKQHPVEBKFI/,https://tw.feature.appledaily.com/charity/projdetail/A5050
A5049,單親母癌復發心驚　為2子女「只能繼續拚」,2020/12/24,已結案,1614174,明細,https://tw.appledaily.com/headline/20201224/LRGFALQ2DNCITAXYFB65P6ZKQI/,https://tw.feature.appledaily.com/charity/projdetail/A5049
A5048,食道癌男轉腦肺　妻「兒才11歲 不能哭太久」,2020/12/23,已結案,1277907,明細,https://tw.appledaily.com/headline/20201223/EYEBKUTHHFFOLHDFAAYYTS4NZE/,https://tw.feature.appledaily.com/charity/projdetail/A5048
A5047,妻做資源回收扛家顧癌夫　「懷抱希望不放棄」,2020/12/21,已結案,1206055,明細,https://tw.appledaily.com/headline/20201221/K46JVNOUY5ENRASAAKSYZW7AVE/,https://tw.feature.appledaily.com/charity/projdetail/A5047
A5046,女單親又中風　愧疚娘家父母「顧我苦扛生計」,2020/12/18,已結案,1194407,明細,https://tw.appledaily.com/headline/20201218/5FWZKOPRAJCJXK2RU3AU2EJ7EM/,https://tw.feature.appledaily.com/charity/projdetail/A5046
A5045,父逝母也罹癌倒　女棄求學路苦撐3口,2020/12/17,已結案,1698462,明細,https://tw.appledaily.com/headline/20201217/3UFJM2G66REVLBGUJ6PAQDE7LI/,https://tw.feature.appledaily.com/charity/projdetail/A5045
A5043,夫曾心疾撿回命今中風重癱　家人同心抗戰,2020/12/16,已結案,954696,明細,https://tw.appledaily.com/headline/20201216/AUQVOLZHHNBQZJNLLXAR7FCQPY/,https://tw.feature.appledaily.com/charity/projdetail/A5043
A5044,眼癌童嬤謝230萬善款赴日救視力 感恩貴人們,2020/12/15,已結案,2303610,明細,https://tw.appledaily.com/headline/20201215/CP2SGIUJU5FDNCH2RO3EYWTGN4/,https://tw.feature.appledaily.com/charity/projdetail/A5044
A5042,深山夫妻接連罹癌惡化 「彼此顧到最後」,2020/12/14,已結案,1266699,明細,https://tw.appledaily.com/headline/20201214/Y3MDGKB2OJFAPFJKFJ3KKLEZMU/,https://tw.feature.appledaily.com/charity/projdetail/A5042
A5041,10歲童憂母病 緊擁呼喊「媽媽不要離開我」,2020/12/11,已結案,1446076,明細,https://tw.appledaily.com/headline/20201211/6LFVZMID6VG67BUKDXKE2BY4AY/,https://tw.feature.appledaily.com/charity/projdetail/A5041
A5040,單親爸癌病重 「本想照顧長輩 變成他們顧我」,2020/12/10,已結案,1232677,明細,https://tw.appledaily.com/headline/20201210/UT4HPF52J5FYFNTPV7WNEDHKYQ/,https://tw.feature.appledaily.com/charity/projdetail/A5040
A5039,單親子摔成癱 顏損嬤扛顧2孫「很艱困」,2020/12/09,已結案,1366293,明細,https://tw.appledaily.com/headline/20201209/UOC55IIV5RAWLKZENXX3QHY3LI/,https://tw.feature.appledaily.com/charity/projdetail/A5039
A5038,癌男失語難再撐家 盼好起不連累妻小,2020/12/07,已結案,1255453,明細,https://tw.appledaily.com/headline/20201207/BUOFHTL62FHNBNU7YWDM25I6VE/,https://tw.feature.appledaily.com/charity/projdetail/A5038
A5037,癌男努力求活 妻憂幼子要爸爸「我給不了」,2020/12/04,已結案,1226657,明細,https://tw.appledaily.com/headline/20201204/BD5IGLQGEBGRRIPZEMUUCROHPU/,https://tw.feature.appledaily.com/charity/projdetail/A5037
A5036,壯男罹腦癌 病母把屎尿「很對不起她」,2020/12/03,已結案,1172819,明細,https://tw.appledaily.com/headline/20201203/IPGFJOBRHRFCVKJKCMHSN6ZSUI/,https://tw.feature.appledaily.com/charity/projdetail/A5036
A5035,男下咽癌復發失語 憂2女才讀小學,2020/12/02,已結案,1625581,明細,https://tw.appledaily.com/headline/20201202/UUY3LT2N3RGQTLQMFEAKV5CYTM/,https://tw.feature.appledaily.com/charity/projdetail/A5035
A5034,婦腸癌轉肺憂拖累家人 夫做工「一起面對」,2020/12/01,已結案,946085,明細,https://tw.appledaily.com/headline/20201201/K76BWOAU5BEONFNI3KBNVRI7BA/,https://tw.feature.appledaily.com/charity/projdetail/A5034
A5033,癌末爸撐病體賣水果 「兒子才小三」,2020/11/30,已結案,1386508,明細,https://tw.appledaily.com/headline/20201130/ILGHMKAFRFFFVBEBIKNIB4FLOA/,https://tw.feature.appledaily.com/charity/projdetail/A5033
A5032,婦顧癌夫3子女愁落淚 「再苦還是要盡力擔」,2020/11/27,已結案,1442767,明細,https://tw.appledaily.com/headline/20201127/GLAQQCVAJ5EM7H35JZYUHEPX6A/,https://tw.feature.appledaily.com/charity/projdetail/A5032
A5031,單親媽卵巢癌轉移小腦　擁小六女「奮力一搏」,2020/11/26,已結案,1526451,明細,https://tw.appledaily.com/headline/20201126/DZ7DHSTRUZA7VHBKCFD6II7VE4/,https://tw.feature.appledaily.com/charity/projdetail/A5031
A5030,肩傷婦顧癌夫撐5口 「家一個都不能少啊」,2020/11/25,已結案,1033858,明細,https://tw.appledaily.com/headline/20201125/LMCT4XRRHVGMXAHYJO2Q62OWNU/,https://tw.feature.appledaily.com/charity/projdetail/A5030
A5029,男罹癌 憂母殘障同居人精障「家撐不住」,2020/11/24,已結案,810340,明細,https://tw.appledaily.com/headline/20201124/F5FQ2I5YNVDAHH3ZUD72G7ZSSY/,https://tw.feature.appledaily.com/charity/projdetail/A5029
A5028,妻女皆癌逝 翁獨自撐顧2幼孫「要堅強」,2020/11/23,已結案,2148224,明細,https://tw.appledaily.com/headline/20201123/JKKL2YNX3BCLPJCTJSLNWSFQZQ/,https://tw.feature.appledaily.com/charity/projdetail/A5028
A5027,夫突重癱 妻面對考驗「但想到生計仍心慌」,2020/11/20,已結案,805095,明細,https://tw.appledaily.com/headline/20201120/CXHTFHH6TRG7LONMWR2OTTQAKA/,https://tw.feature.appledaily.com/charity/projdetail/A5027
A5026,3歲女相依單親癌母 扮醫生心疼「媽媽痛痛」,2020/11/19,已結案,2008209,明細,https://tw.appledaily.com/headline/20201119/QOSRJDEZHRA65NY2T5VNFM4NQQ/,https://tw.feature.appledaily.com/charity/projdetail/A5026
A5025,男助父扛6口未料中風半癱 自責拖累家人,2020/11/18,已結案,964258,明細,https://tw.appledaily.com/headline/20201118/CSOPF25DJZGFFMTZB5LJ3PIY2Y/,https://tw.feature.appledaily.com/charity/projdetail/A5025
A5024,農夫罹癌憂家倒 一心裁培子女「再給我幾年」,2020/11/16,已結案,908356,明細,https://tw.appledaily.com/headline/20201116/GO3SOX3S6BBM3ATQZXK4QCYGM4/,https://tw.feature.appledaily.com/charity/projdetail/A5024
A5023,妻突癱 病夫不捨「為我擔憂才累倒」,2020/11/13,已結案,907249,明細,https://tw.appledaily.com/headline/20201113/ORORDP72TBFPBEJY3VSM7YEVZ4/,https://tw.feature.appledaily.com/charity/projdetail/A5023
A5022,大三男工讀力撐3口 要「癌父妹妹安心」,2020/11/12,已結案,2204801,明細,https://tw.appledaily.com/headline/20201112/GQAKVDWBDRCYNM5PASRWXGZEPE/,https://tw.feature.appledaily.com/charity/projdetail/A5022
A5021,女車禍帶傷顧癌母 「父已癌逝 很心酸」,2020/11/11,已結案,876718,明細,https://tw.appledaily.com/headline/20201111/3Y2J6FC62ZGTJDQBVV2PYI6BQE/,https://tw.feature.appledaily.com/charity/projdetail/A5021
A5020,兄弟接連因遺傳發病 16歲兒憂「大人都倒下」,2020/11/10,已結案,838275,明細,https://tw.appledaily.com/headline/20201110/TRZTUV7ZWFD6FELN3UWORHSQ3A/,https://tw.feature.appledaily.com/charity/projdetail/A5020
A5019,婦淚喚中風夫快醒回家團圓 「他人好又孝順」,2020/11/09,已結案,815435,明細,https://tw.appledaily.com/headline/20201109/7GJC36ITUFCK5P3TCZ3Z4ZUE4E/,https://tw.feature.appledaily.com/charity/projdetail/A5019
A5018,雕刻師傅罹舌癌　愁居漏水屋「對不起妻小」,2020/11/06,已結案,1204081,明細,https://tw.appledaily.com/headline/20201106/IZLI7LCHSFFHJDVO7W5LGNONUE/,https://tw.feature.appledaily.com/charity/projdetail/A5018
A5017,2女皆身障　單親媽求生手術縮胃,2020/11/05,已結案,993203,明細,https://tw.appledaily.com/headline/20201105/BMX7PUVCNRFETMNT3RQKYMSPRY/,https://tw.feature.appledaily.com/charity/projdetail/A5017
A5016,女暫停復學顧雙親　「養育恩比親生偉大」,2020/11/04,已結案,1328725,明細,https://tw.appledaily.com/headline/20201104/YDHKVKCMEZFRBCLTO5GFMVDVU4/,https://tw.feature.appledaily.com/charity/projdetail/A5016
A5015,夫病弱　撐家婦憂腦腫瘤術後難撐4口,2020/11/02,已結案,1233943,明細,https://tw.appledaily.com/headline/20201102/JIJF5OF3PZD37NII4JU32HCXBI/,https://tw.feature.appledaily.com/charity/projdetail/A5015
A5014,勤奮癌父淌淚　交待妻「要辛苦你幫我養大2子」,2020/10/30,已結案,945073,明細,https://tw.appledaily.com/headline/20201030/CPPG6O7IWNBNDAWYKUMYBWHUUM/,https://tw.feature.appledaily.com/charity/projdetail/A5014
A5013,婦顧中風前夫未料自己也癱倒　自責對不起兒,2020/10/29,已結案,861138,明細,https://tw.appledaily.com/headline/20201029/H245SFU5PZHBHDVGBHANG6OQEI/,https://tw.feature.appledaily.com/charity/projdetail/A5013
A5012,寡母病重待換骨髓　為4子女必須努力求活,2020/10/28,已結案,1083415,明細,https://tw.appledaily.com/headline/20201028/P467JGH6XVC4ZHSYPTV2QSWZWE/,https://tw.feature.appledaily.com/charity/projdetail/A5012
A5011,單親癌爸治療難負重工作　憂子女未成年,2020/10/27,已結案,1039929,明細,https://tw.appledaily.com/headline/20201027/SDPTIRMC7FHO5PVARQOGAQJAIM/,https://tw.feature.appledaily.com/charity/projdetail/A5011
A5010,壯年好爸爸中風癱倒　妻兒心疼「不放棄」,2020/10/26,已結案,888200,明細,https://tw.appledaily.com/headline/20201026/W5DS3SM2EVBALKV6UXY7A4CUXU/,https://tw.feature.appledaily.com/charity/projdetail/A5010
A5009,放不下極重度殘女　慈父忍癌痛2年惡化,2020/10/23,已結案,1123264,明細,https://tw.appledaily.com/headline/20201023/CR2IEB3SJNGJBMMHGTPV6XFCHU/,https://tw.feature.appledaily.com/charity/projdetail/A5009
A5008,單親媽樂觀抗癌　「讓孩子記得的我們是開心」,2020/10/22,已結案,1276315,明細,https://tw.appledaily.com/headline/20201022/MPKNLERE7RDZXEDWRH63J73QVQ/,https://tw.feature.appledaily.com/charity/projdetail/A5008
A5007,妻顧癌夫苦撐5口　盼熬到子女出社會,2020/10/21,已結案,862006,明細,https://tw.appledaily.com/headline/20201021/QN354UOZY5EO5EET5QMPEFZD5A/,https://tw.feature.appledaily.com/charity/projdetail/A5007
A5006,婦悲長子逝現次子病重　「受不住白髮再送黑髮」,2020/10/20,已結案,924811,明細,https://tw.appledaily.com/headline/20201020/6OEYHVVFARGEPJX3TWEDQQDTIQ/,https://tw.feature.appledaily.com/charity/projdetail/A5006
A5005,癱男哽咽「對不起家人」　子女喊加油「爸爸很偉大」,2020/10/19,已結案,1131413,明細,https://tw.appledaily.com/headline/20201019/ZQXCWJGCGNF63CQCHWO4S7RHRE/,https://tw.feature.appledaily.com/charity/projdetail/A5005
A5004,癌末婦因4歲腦麻兒勇敢向前　「他是榜樣」,2020/10/16,已結案,967755,明細,https://tw.appledaily.com/headline/20201016/SIQ5BMX2KFCIRFI4646V7JQ2RM/,https://tw.feature.appledaily.com/charity/projdetail/A5004
A5003,單親爸抗癌無盡頭　不捨老母做工扛家,2020/10/15,已結案,910055,明細,https://tw.appledaily.com/headline/20201015/4TD6GT4JIFBYHCUYRAFAM4NIJA/,https://tw.feature.appledaily.com/charity/projdetail/A5003
A5002,肺阻塞男靠氧氣機生活　「為國二子努力呼吸」,2020/10/14,已結案,904931,明細,https://tw.appledaily.com/headline/20201014/QYMVHJO4URHEZFHISJF5DKVO5M/,https://tw.feature.appledaily.com/charity/projdetail/A5002
A5001,癌兒不忍父辛苦棄治療　翁「你怎能先走」,2020/10/13,已結案,940956,明細,https://tw.appledaily.com/headline/20201013/7SP2UDFT6NGLNHNYEBWZVMDJEY/,https://tw.feature.appledaily.com/charity/projdetail/A5001
A5000,單親壯男確診小腦萎縮症　憂2國中子女往後,2020/10/12,已結案,1078836,明細,https://tw.appledaily.com/headline/20201012/A6L3BY5MVJGFJIEECVE25MCU3Y/,https://tw.feature.appledaily.com/charity/projdetail/A5000
A4999,妻中風夫把屎尿　「盼她好起我才能工作」,2020/10/08,已結案,794102,明細,https://tw.appledaily.com/headline/20201008/7FRNUNIUOFCUNN66P2D7YMKYOU/,https://tw.feature.appledaily.com/charity/projdetail/A4999
A4998,單親爸中風勤復健　自喊加油「不想連累小孩」,2020/10/07,已結案,822779,明細,https://tw.appledaily.com/headline/20201007/FOT3XJ2ZW5C3DFUBK25QFQX5WE/,https://tw.feature.appledaily.com/charity/projdetail/A4998
A4997,夫緊擁腦癌妻與11歲女　「我們沒錢但快樂過」,2020/10/06,已結案,1455863,明細,https://tw.appledaily.com/headline/20201006/ZGQSHVGO65BJJNI4MJMYLEQPRM/,https://tw.feature.appledaily.com/charity/projdetail/A4997
A4996,運將摔車成脊癱　憂鬱妻難撐4口,2020/10/05,已結案,1169897,明細,https://tw.appledaily.com/headline/20201005/X77XTGGJTFBUBAEQHRCX4HI6TQ/,https://tw.feature.appledaily.com/charity/projdetail/A4996
A4995,八旬母悲嘆次子癌逝　「相依長子竟也中風癱」,2020/09/30,已結案,1097911,明細,https://tw.appledaily.com/headline/20200930/ISZISMO52ZAQLMOQ573IL43BWA/,https://tw.feature.appledaily.com/charity/projdetail/A4995
A4994,肝硬化單親媽相依2子女　「盼可等到換肝」,2020/09/29,已結案,1084998,明細,https://tw.appledaily.com/headline/20200929/V2DYGOA5AJEGBP7X5OMOFG53BA/,https://tw.feature.appledaily.com/charity/projdetail/A4994
A4993,病嬤難養3孫　「他們很聽話 我要咬牙撐」,2020/09/28,已結案,1318773,明細,https://tw.appledaily.com/headline/20200928/UGTMXV6UMZCYNMLYX4IM4FEKL4/,https://tw.feature.appledaily.com/charity/projdetail/A4993
A4992,愛家男突罹癌妻淚崩  「一起堅強面對」,2020/09/25,已結案,841465,明細,https://tw.appledaily.com/headline/20200925/UBRTRHSOGZGYPJKUCSKFQOIZHE/,https://tw.feature.appledaily.com/charity/projdetail/A4992
A4991,鬱男扛顧2殘兄癱母  「只剩我能依靠」,2020/09/24,已結案,1429146,明細,https://tw.appledaily.com/headline/20200924/OQMLK3HNOFCTJH3OSHDKAPTLBU/,https://tw.feature.appledaily.com/charity/projdetail/A4991
A4990,男三癌復發謝伴侶不離棄　「為兒女勇敢」,2020/09/23,已結案,902942,明細,https://tw.appledaily.com/headline/20200923/5RE3ZUVBHZAZFOEQNITORM5LQA/,https://tw.feature.appledaily.com/charity/projdetail/A4990
A4989,男意外成視障　愁如何養大4歲女,2020/09/21,已結案,1060175,明細,https://tw.appledaily.com/headline/20200921/XU4CIR5SSZA2TGMBFKY544C334/,https://tw.feature.appledaily.com/charity/projdetail/A4989
A4988,慈父癌末嬤失智　孝女「告訴自己要堅強」,2020/09/18,已結案,940162,明細,https://tw.appledaily.com/headline/20200918/NTPK3HYKCRGFRHYSZQ4VYSOJ3Q/,https://tw.feature.appledaily.com/charity/projdetail/A4988
A4987,苦命八旬嬤撿回收扛顧食道癌兒,2020/09/17,已結案,1695123,明細,https://tw.appledaily.com/headline/20200917/KNA7AQW2IRDBHKQVJWGJQZAVXI/,https://tw.feature.appledaily.com/charity/projdetail/A4987
A4986,妻為中風癱夫加油　「兒子都在等你回家」,2020/09/16,已結案,958407,明細,https://tw.appledaily.com/headline/20200916/ND3PWWLUTVD2VNS25ZFA2USZGU/,https://tw.feature.appledaily.com/charity/projdetail/A4986
A4985,扛家父罹舌癌四期　憂妻兒「夜晚偷哭」,2020/09/15,已結案,901396,明細,https://tw.appledaily.com/headline/20200915/P564K5QKERDMPKMU3MJ6WSPOAU/,https://tw.feature.appledaily.com/charity/projdetail/A4985
A4984,單親爸扛磚撐家　無奈癌末憂2子無依,2020/09/14,已結案,1131239,明細,https://tw.appledaily.com/headline/20200914/2XRRM7734ZAKJM3ZWRQCDJTV3Q/,https://tw.feature.appledaily.com/charity/projdetail/A4984
A4983,單親媽腦術後癱　盼再有力氣盡母職,2020/09/11,已結案,1126560,明細,https://tw.appledaily.com/headline/20200911/ZSNM5WSSZ5EG7NM65OIYOQBVQM/,https://tw.feature.appledaily.com/charity/projdetail/A4983
A4982,單親癌母4度復發　 為國二子撐下去,2020/09/10,已結案,1255966,明細,https://tw.appledaily.com/headline/20200910/FADYR6QCKRGA3AKXJHHJOREMMM/,https://tw.feature.appledaily.com/charity/projdetail/A4982
A4981,扛家男中風　憂妻女失依「再痛也要復健」,2020/09/09,已結案,864108,明細,https://tw.appledaily.com/headline/20200909/R5V3WCJC45BRZF2WCNWCG77LYU/,https://tw.feature.appledaily.com/charity/projdetail/A4981
A4980,粗工壯男驚癌末　3子女盼好爸爸不要放棄,2020/09/07,已結案,1077000,明細,https://tw.appledaily.com/headline/20200907/6F52QZGELFEXPNYC36BXKETMCM/,https://tw.feature.appledaily.com/charity/projdetail/A4980
A4979,單親爸相依2子　憾無法為8歲癌兒受苦,2020/09/04,已結案,1228588,明細,https://tw.appledaily.com/headline/20200904/DAQJ76FH3RAYPLB4NDVNFBLNT4/,https://tw.feature.appledaily.com/charity/projdetail/A4979
A4978,父癱兄憨母腦瘤　孝女扛家不敢婚,2020/09/03,已結案,1310941,明細,https://tw.appledaily.com/headline/20200903/E2OCBUSJ4RAK7HLNDSWM7DPLWQ/,https://tw.feature.appledaily.com/charity/projdetail/A4978
A4976,單親癌父3坪租處相依國二子　與生命拔河,2020/09/02,已結案,1273759,明細,https://tw.appledaily.com/headline/20200902/RYRSY26ZN5EKBNCNSZSCKJOAMA/,https://tw.feature.appledaily.com/charity/projdetail/A4976
A4975,婦扛顧重傷夫與幼子　夜做加工難撐家,2020/08/31,已結案,1300659,明細,https://tw.appledaily.com/headline/20200831/BJC2GWRKRNCKJKZBRTDJD4EVHE/,https://tw.feature.appledaily.com/charity/projdetail/A4975
A4974,撐家孝子與癌父相依　憾中風癱復健路長,2020/08/28,已結案,960492,明細,https://tw.appledaily.com/headline/20200828/A4PGIOLSIFCNRIDXKQJUHYMD7M/,https://tw.feature.appledaily.com/charity/projdetail/A4974
A4973,單親癌媽顧癱母國三兒　「關關難過關關過」,2020/08/27,已結案,1232952,明細,https://tw.appledaily.com/headline/20200827/NQCYO5DGHBELJKI53D2V62PNK4/,https://tw.feature.appledaily.com/charity/projdetail/A4973
A4972,粗工男暴瘦胃癌轉肝　為妻小「很怕還是要拼」,2020/08/26,已結案,925335,明細,https://tw.appledaily.com/headline/20200826/XHRI5QAU2VEIRNOBDXY2FVMVGU/,https://tw.feature.appledaily.com/charity/projdetail/A4972
A4971,掌中戲操偶師罹雙癌  命運無法掌「憂5子女」,2020/08/24,已結案,1059555,明細,https://tw.appledaily.com/headline/20200824/3JHMXZ5HOJGTXP5B2CHPXA3FVA/,https://tw.feature.appledaily.com/charity/projdetail/A4971
A4969,單親癌母相依19歲女　「就怕留她孤單一人」,2020/08/21,已結案,872848,明細,https://tw.appledaily.com/headline/20200821/4TRKAGIBRNAHJHSJPHHV7V65OI/,https://tw.feature.appledaily.com/charity/projdetail/A4969
A4968,放不下七旬中風父  癌男振作拼活,2020/08/20,已結案,945854,明細,https://tw.appledaily.com/headline/20200820/5DCGQYFHKVBUPNPAE5MBCSBWKY/,https://tw.feature.appledaily.com/charity/projdetail/A4968
A4967,夫妻接連罹癌  憂2歲幼女及15歲身障子,2020/08/19,已結案,1419856,明細,https://tw.appledaily.com/headline/20200819/MVTRECR7KFBJLELU7MFCB6YJPE/,https://tw.feature.appledaily.com/charity/projdetail/A4967
A4966,18歲女喜上國立大學  單親父卻罹癌愁醫病,2020/08/18,已結案,1004863,明細,https://tw.appledaily.com/headline/20200818/U6QWDCCCR5BG5MN4AJOCT35QU4/,https://tw.feature.appledaily.com/charity/projdetail/A4966
A4965,男中風昏迷 女友撐顧3歲子等奇蹟,2020/08/17,已結案,867547,明細,https://tw.appledaily.com/headline/20200817/WI6ZX5L52MBXTXPQ4LDD24NPVM/,https://tw.feature.appledaily.com/charity/projdetail/A4965
A4964,6歲女憂癌父 天真喊愛你「不要再去醫院」,2020/08/14,已結案,1132276,明細,https://tw.appledaily.com/headline/20200814/NFHWRAPZXKMBGWWFD5DR4S7QIE/,https://tw.feature.appledaily.com/charity/projdetail/A4964
A4963,男中風難扛家淚崩  妻女慰「會一直陪著你」,2020/08/13,已結案,793641,明細,https://tw.appledaily.com/headline/20200813/WLRF6OM4E6MMIMIGK7JJ3LNQSY/,https://tw.feature.appledaily.com/charity/projdetail/A4963
A4962,夫妻雙雙罹癌 翁嘆「年輕時身體比牛還壯」,2020/08/12,已結案,728217,明細,https://tw.appledaily.com/headline/20200812/MZD5LB6FTK7L5UQ6XVMT2LOF34/,https://tw.feature.appledaily.com/charity/projdetail/A4962
A4961,男跌重癱不識兒女 妻忍淚水「求爸爸好起」,2020/08/10,已結案,1207360,明細,https://tw.appledaily.com/headline/20200810/LUVE2QMMC4TB5DU2BNEBLZIWJE/,https://tw.feature.appledaily.com/charity/projdetail/A4961
A4960,扛家單親癌子等不到兒捐肝病逝 孫嬤憂往後,2020/08/07,已結案,936374,明細,https://tw.appledaily.com/headline/20200807/2WBDNCBACEF56WUVW2IQZGHZLE/,https://tw.feature.appledaily.com/charity/projdetail/A4960
A4959,妻癌復發近癱 運將夫勉「為8歲女撐下去」,2020/08/06,已結案,1296624,明細,https://tw.appledaily.com/headline/20200806/B6KDYNYYBAUH4B5GHUV2FM2ADI/,https://tw.feature.appledaily.com/charity/projdetail/A4959
A4958,15歲女憂單親爸肝癌治療漫長 「家裡很困難」,2020/08/05,已結案,1442909,明細,https://tw.appledaily.com/headline/20200805/HPVWTZECZDOWNFZFJ7CMCXWY6Y/,https://tw.feature.appledaily.com/charity/projdetail/A4958
A4957,撐家子中風癱老伴失智 輕殘母嘆「走不下去」,2020/08/04,已結案,1150677,明細,https://tw.appledaily.com/headline/20200804/ZPOX37OF27KSNXOFKNGAS4ILSA/,https://tw.feature.appledaily.com/charity/projdetail/A4957
A4956,父癱母精障 憨子零工難撐家,2020/08/03,已結案,1099707,明細,https://tw.appledaily.com/headline/20200803/L2KN6WFSMZJSBAF4DQ4TYSMKHY/,https://tw.feature.appledaily.com/charity/projdetail/A4956
A4955,母逝 13歲女與中風單親癌父相依3坪租處,2020/07/31,已結案,1606764,明細,https://tw.appledaily.com/headline/20200731/QBYKDLJF5TNW2SSCDTRNB2PKRU/,https://tw.feature.appledaily.com/charity/projdetail/A4955
A4954,撐家翁婿皆重傷  復健長路愁6口生計,2020/07/30,已結案,1002242,明細,https://tw.appledaily.com/headline/20200730/YVYBH2B7DP3YTWCZRJDTYZZHNE/,https://tw.feature.appledaily.com/charity/projdetail/A4954
A4953,19歲子顧中風單親爸  「他是為家累倒的」,2020/07/29,已結案,1046862,明細,https://tw.appledaily.com/headline/20200729/KQHIEMKUYZRQV7OLKTYRTW7PME/,https://tw.feature.appledaily.com/charity/projdetail/A4953
A4952,夫妻接連罹癌 盼「一人快好起 一人就可工作」,2020/07/27,已結案,801565,明細,https://tw.appledaily.com/headline/20200727/ZTNE5ZIEW2TRJ44TSN65WHWUAI/,https://tw.feature.appledaily.com/charity/projdetail/A4952
A4951,獨子中風癱 心臟病母嘆：「我拖老命顧」,2020/07/24,已結案,840115,明細,https://tw.appledaily.com/headline/20200724/QRFJPPYR7DJKCUF2L4Y52USE3A/,https://tw.feature.appledaily.com/charity/projdetail/A4951
A4950,3兄妹相依癌末單親爸  抱頭落淚 「不要走」,2020/07/23,已結案,1444349,明細,https://tw.appledaily.com/headline/20200723/IZDZHWAUZAD4XB72QVZEE3MM6A/,https://tw.feature.appledaily.com/charity/projdetail/A4950
A4949,婦子宮頸癌轉至腦  憂病弱夫15歲子往後,2020/07/22,已結案,896933,明細,https://tw.appledaily.com/headline/20200722/4TVWVTDREPTITVO4YYB7AKYEWE/,https://tw.feature.appledaily.com/charity/projdetail/A4949
A4948,20歲男突遭癌襲 帶病照顧重癱父,2020/07/20,已結案,2519668,明細,https://tw.appledaily.com/headline/20200720/6KI4KVVURRQJSON42E5MLO4E6Q/,https://tw.feature.appledaily.com/charity/projdetail/A4948
A4947,翁罹雙癌 14歲女「家裡經濟很不好」,2020/07/17,已結案,1081591,明細,https://tw.appledaily.com/headline/20200717/2PRKDIUEY7UTX73Y7KH3BXTMOM/,https://tw.feature.appledaily.com/charity/projdetail/A4947
A4946,扛家夫食道癌轉肺腦  5口租住鐵皮屋拼活,2020/07/16,已結案,1084067,明細,https://tw.appledaily.com/headline/20200716/RJUCQRC63AM66SBVREWPLRGS74/,https://tw.feature.appledaily.com/charity/projdetail/A4946
A4945,單親媽罹腦瘤失能    16歲女休學扛4口,2020/07/15,已結案,1616523,明細,https://tw.appledaily.com/headline/20200715/WIXM3XCWD7ODO2ZK7GM4QB4K6Y/,https://tw.feature.appledaily.com/charity/projdetail/A4945
A4944,務農夫妻1人倒全家慌 萬元收入難撐4口,2020/07/13,已結案,1100714,明細,https://tw.appledaily.com/headline/20200713/FX4MWOQ2U5XYXDXIC5PMJVLRJI/,https://tw.feature.appledaily.com/charity/projdetail/A4944
A4943,夫車禍癱 視障妻當清潔工苦扛4口,2020/07/10,已結案,1070234,明細,https://tw.appledaily.com/headline/20200710/LLLDZ2T3BIYBYS3COMMP3Q3UAE/,https://tw.feature.appledaily.com/charity/projdetail/A4943
A4942,單親癌母憂拖累兒 19歲子「媽是最苦的人」,2020/07/09,已結案,960537,明細,https://tw.appledaily.com/headline/20200709/CEV7TATWFSSJNS3LKWQ2Q4YFP4/,https://tw.feature.appledaily.com/charity/projdetail/A4942
A4941,男肝病又罹癌 4口愁居5坪租屋處,2020/07/08,已結案,1173958,明細,https://tw.appledaily.com/headline/20200708/KA4265ZP5Z7BPERDE65FT6QXXQ/,https://tw.feature.appledaily.com/charity/projdetail/A4941
A4940,父癱母憨 17歲子休學撐顧病嬤,2020/07/06,已結案,1673001,明細,https://tw.appledaily.com/headline/20200706/HE6CQDO5IPAZGUV6ZO46TXB66Q/,https://tw.feature.appledaily.com/charity/projdetail/A4940
A4939,癌子烈日綁鐵撐家伴癌母 憾復發轉移,2020/07/03,已結案,1098411,明細,https://tw.appledaily.com/headline/20200703/QJOJR6DG2H4UQR3I56MEQRWZGY/,https://tw.feature.appledaily.com/charity/projdetail/A4939
A4938,16歲子相依單親癌母「怕她突然死掉」,2020/07/02,已結案,1179205,明細,https://tw.appledaily.com/headline/20200702/VMUTCCOCXOFM5HIADNXBT7FCJU/,https://tw.feature.appledaily.com/charity/projdetail/A4938
A4937,單親婦中風癱 娘家兩老撐顧憂15歲孫,2020/07/01,已結案,1083516,明細,https://tw.appledaily.com/headline/20200701/PTRPTKWM6DF5C6SYKHUBRMF5GM/,https://tw.feature.appledaily.com/charity/projdetail/A4937
A4936,年輕媽媽癌末 擁幼娃「實在放不下」,2020/06/30,已結案,1540008,明細,https://tw.appledaily.com/headline/20200630/4XK4IUCUVF2Q7KAIQ4H4FOR23A/,https://tw.feature.appledaily.com/charity/projdetail/A4936
A4935,夫癱兩子幼 婦順命安排「撐下去」,2020/06/29,已結案,1122621,明細,https://tw.appledaily.com/headline/daily/20200629/38669536,https://tw.feature.appledaily.com/charity/projdetail/A4935
A4934,妻逝翁獨育11歲子 憂罹癌「兒會沒媽又沒爸」,2020/06/24,已結案,1023759,明細,https://tw.appledaily.com/headline/daily/20200624/38665994,https://tw.feature.appledaily.com/charity/projdetail/A4934
A4933,單親媽忍腰痛撿回收育2子 竟又罹癌,2020/06/23,已結案,1410293,明細,https://tw.appledaily.com/headline/daily/20200623/38665377,https://tw.feature.appledaily.com/charity/projdetail/A4933
A4931,18歲女顧單親癌父「盼爸多陪我幾年」,2020/06/22,已結案,1140098,明細,https://tw.appledaily.com/headline/daily/20200622/38664755,https://tw.feature.appledaily.com/charity/projdetail/A4931
A4930,單親爸換肝後又罹癌 為兒女拼搏求活,2020/06/19,已結案,971732,明細,https://tw.appledaily.com/headline/daily/20200619/38662615,https://tw.feature.appledaily.com/charity/projdetail/A4930
A4929,夫猝逝 癌婦獨育2子「怕他們也沒媽」,2020/06/18,已結案,1010944,明細,https://tw.appledaily.com/headline/daily/20200618/38662011,https://tw.feature.appledaily.com/charity/projdetail/A4929
A4928,重殘女憂癌末母 盼「這麼好的媽媽快好起來」,2020/06/17,已結案,1030120,明細,https://tw.appledaily.com/headline/daily/20200617/38661299,https://tw.feature.appledaily.com/charity/projdetail/A4928
A4927,父癌逝母癌末 高一女休學打工也難扛,2020/06/16,已結案,1456412,明細,https://tw.appledaily.com/headline/daily/20200616/38660586,https://tw.feature.appledaily.com/charity/projdetail/A4927
